{
  "gt_usage": "OFFLINE DIAGNOSTICS ONLY",
  "num_candidates": 54,
  "groups": {
    "all": {
      "count": 54,
      "feature_export_recall": 0.8518518518518519,
      "yolo_exact_accuracy": 0.10869565217391304,
      "alphaclip_exact_accuracy": 0.021739130434782608,
      "alphaclip_mean_top_score": 0.08413101020066635
    },
    "iou25": {
      "count": 21,
      "feature_export_recall": 0.8571428571428571,
      "yolo_exact_accuracy": 0.2222222222222222,
      "alphaclip_exact_accuracy": 0.0,
      "alphaclip_mean_top_score": 0.07414341304037306
    },
    "iou50": {
      "count": 13,
      "feature_export_recall": 0.8461538461538461,
      "yolo_exact_accuracy": 0.18181818181818182,
      "alphaclip_exact_accuracy": 0.0,
      "alphaclip_mean_top_score": 0.06706893647258932
    },
    "good_geometry": {
      "count": 12,
      "feature_export_recall": 0.8333333333333334,
      "yolo_exact_accuracy": 0.1,
      "alphaclip_exact_accuracy": 0.0,
      "alphaclip_mean_top_score": 0.06828846856951713
    }
  }
}
