{
  "gt_usage": "仅限离线 GT 诊断；绝不进入推理、打分、融合、阈值选择或候选生成。",
  "thresholds": {
    "iou25": {
      "failure_stage_counts": {
        "sam2_已覆盖": 19,
        "已采样但轨迹或三维提升未恢复": 22,
        "无可靠超点": 38,
        "有可靠超点但未采样": 6
      },
      "failure_stage_rates": {
        "sam2_已覆盖": 0.2235294117647059,
        "已采样但轨迹或三维提升未恢复": 0.25882352941176473,
        "无可靠超点": 0.4470588235294118,
        "有可靠超点但未采样": 0.07058823529411765
      },
      "mask3d_missed_gt_count": 85
    },
    "iou50": {
      "failure_stage_counts": {
        "sam2_已覆盖": 16,
        "已采样但轨迹或三维提升未恢复": 64,
        "无可靠超点": 65,
        "有可靠超点但未采样": 31
      },
      "failure_stage_rates": {
        "sam2_已覆盖": 0.09090909090909091,
        "已采样但轨迹或三维提升未恢复": 0.36363636363636365,
        "无可靠超点": 0.3693181818181818,
        "有可靠超点但未采样": 0.17613636363636365
      },
      "mask3d_missed_gt_count": 176
    }
  }
}
