class_name,delta_ap,delta_ap50,delta_ap25
armchair,-0.04244288597918028,-0.04264214046822734,-0.04287226534932953
