{
  "features": {
    "best_existing_iou": {
      "best_f1": {
        "direction": ">=",
        "f1": 0.3137254901960784,
        "improve_count": 40,
        "precision": 0.19900497512437812,
        "recall": 0.7407407407407407,
        "selected_count": 201,
        "threshold": 0.30317109871210285
      },
      "best_precision": {
        "direction": ">=",
        "f1": 0.3137254901960784,
        "improve_count": 40,
        "precision": 0.19900497512437812,
        "recall": 0.7407407407407407,
        "selected_count": 201,
        "threshold": 0.30317109871210285
      }
    },
    "candidate_point_count": {
      "best_f1": {
        "direction": ">=",
        "f1": 0.2992125984251969,
        "improve_count": 19,
        "precision": 0.2602739726027397,
        "recall": 0.35185185185185186,
        "selected_count": 73,
        "threshold": 3441.7999999999997
      },
      "best_precision": {
        "direction": ">=",
        "f1": 0.136986301369863,
        "improve_count": 5,
        "precision": 0.2631578947368421,
        "recall": 0.09259259259259259,
        "selected_count": 19,
        "threshold": 7445.800000000005
      }
    },
    "fusion_score": {
      "best_f1": {
        "direction": ">=",
        "f1": 0.2912087912087912,
        "improve_count": 53,
        "precision": 0.17096774193548386,
        "recall": 0.9814814814814815,
        "selected_count": 310,
        "threshold": 0.032993534241749
      },
      "best_precision": {
        "direction": ">=",
        "f1": 0.2204724409448819,
        "improve_count": 14,
        "precision": 0.1917808219178082,
        "recall": 0.25925925925925924,
        "selected_count": 73,
        "threshold": 0.2984430305641742
      }
    },
    "parent_candidate_iou": {
      "best_f1": {
        "direction": ">=",
        "f1": 0.3137254901960784,
        "improve_count": 40,
        "precision": 0.19900497512437812,
        "recall": 0.7407407407407407,
        "selected_count": 201,
        "threshold": 0.30317109871210285
      },
      "best_precision": {
        "direction": ">=",
        "f1": 0.3137254901960784,
        "improve_count": 40,
        "precision": 0.19900497512437812,
        "recall": 0.7407407407407407,
        "selected_count": 201,
        "threshold": 0.30317109871210285
      }
    },
    "score": {
      "best_f1": {
        "direction": ">=",
        "f1": 0.28658536585365857,
        "improve_count": 47,
        "precision": 0.17153284671532848,
        "recall": 0.8703703703703703,
        "selected_count": 274,
        "threshold": 0.08034849166870117
      },
      "best_precision": {
        "direction": ">=",
        "f1": 0.28658536585365857,
        "improve_count": 47,
        "precision": 0.17153284671532848,
        "recall": 0.8703703703703703,
        "selected_count": 274,
        "threshold": 0.08034849166870117
      }
    },
    "seed_in_existing_mask_ratio": {
      "best_f1": {
        "direction": "<=",
        "f1": 0.31223628691983124,
        "improve_count": 37,
        "precision": 0.20218579234972678,
        "recall": 0.6851851851851852,
        "selected_count": 183,
        "threshold": 0.9797347089167281
      },
      "best_precision": {
        "direction": "<=",
        "f1": 0.2857142857142857,
        "improve_count": 26,
        "precision": 0.203125,
        "recall": 0.48148148148148145,
        "selected_count": 128,
        "threshold": 0.9160715196776226
      }
    },
    "source_track_count": {
      "best_f1": {
        "direction": "<=",
        "f1": 0.25806451612903225,
        "improve_count": 48,
        "precision": 0.1509433962264151,
        "recall": 0.8888888888888888,
        "selected_count": 318,
        "threshold": 1.0
      },
      "best_precision": {
        "direction": "<=",
        "f1": 0.25806451612903225,
        "improve_count": 48,
        "precision": 0.1509433962264151,
        "recall": 0.8888888888888888,
        "selected_count": 318,
        "threshold": 1.0
      }
    },
    "support_score": {
      "best_f1": {
        "direction": ">=",
        "f1": 0.265,
        "improve_count": 53,
        "precision": 0.1531791907514451,
        "recall": 0.9814814814814815,
        "selected_count": 346,
        "threshold": 4.297277298772059
      },
      "best_precision": {
        "direction": ">=",
        "f1": 0.19178082191780824,
        "improve_count": 7,
        "precision": 0.3684210526315789,
        "recall": 0.12962962962962962,
        "selected_count": 19,
        "threshold": 236.65342523948806
      }
    }
  },
  "minimum_selected": 19,
  "population": 365,
  "scope": "探索性同集单变量阈值分层，不可作为泛化性能结论。"
}
